{
  "aws_project_region": "ap-south-1",
  "aws_cognito_region": "ap-south-1",
  "aws_user_pools_id": "ap-south-1_yg1BWvige",
  "aws_user_pools_web_client_id": "722ku1p6eaufa38794deael805",
  "oauth": {
    "domain": "pollingappef71066f-ef71066f-dev.auth.ap-south-1.amazoncognito.com",
    "scope": [
      "phone",
      "email",
      "openid",
      "profile",
      "aws.cognito.signin.user.admin"
    ],
    "redirectSignIn": "https://main.dxbdkx306r9tq.amplifyapp.com/",
    "redirectSignOut": "https://main.dxbdkx306r9tq.amplifyapp.com/",
    "responseType": "code"
  },
  "federationTarget": "COGNITO_USER_POOLS",
  "aws_cognito_username_attributes": [],
  "aws_cognito_social_providers": [],
  "aws_cognito_signup_attributes": [
    "EMAIL"
  ],
  "aws_cognito_mfa_configuration": "OFF",
  "aws_cognito_mfa_types": [
    "SMS"
  ],
  "aws_cognito_password_protection_settings": {
    "passwordPolicyMinLength": 8,
    "passwordPolicyCharacters": []
  },
  "aws_cognito_verification_mechanisms": [
    "EMAIL"
  ],
  "aws_cloud_logic_custom": [
    {
      "name": "AdminQueries",
      "endpoint": "https://er2rt7vzgi.execute-api.ap-south-1.amazonaws.com/dev",
      "region": "ap-south-1"
    }
  ]
}