{
  "C:\\polling-app\\backend\\serverless.yml": {
    "versionFramework": "4.23.0",
    "servicePath": "C:\\polling-app\\backend\\serverless.yml",
    "serviceConfigFileName": "serverless.yml",
    "service": {
      "service": "poll-backend",
      "provider": {
        "name": "aws",
        "runtime": "nodejs18.x",
        "region": "ap-south-1",
        "stage": "prod",
        "environment": {
          "MONGODB_URI": "mongodb+srv://bhavi5002:bhavi123@cluster0.ht8z4ij.mongodb.net/pollingdb?retryWrites=true&w=majority",
          "JWT_SECRET": "<REDACTED>"
        },
        "timeout": 30,
        "memorySize": 512,
        "versionFunctions": true,
        "compiledCloudFormationTemplate": {
          "AWSTemplateFormatVersion": "2010-09-09",
          "Description": "The AWS CloudFormation template for this Serverless application",
          "Resources": {
            "ApiLogGroup": {
              "Type": "AWS::Logs::LogGroup",
              "Properties": {
                "LogGroupName": "/aws/lambda/poll-backend-prod-api"
              }
            },
            "IamRoleLambdaExecution": {
              "Type": "AWS::IAM::Role",
              "Properties": {
                "AssumeRolePolicyDocument": {
                  "Version": "2012-10-17",
                  "Statement": [
                    {
                      "Effect": "Allow",
                      "Principal": {
                        "Service": [
                          "lambda.amazonaws.com"
                        ]
                      },
                      "Action": [
                        "sts:AssumeRole"
                      ]
                    }
                  ]
                },
                "Policies": [
                  {
                    "PolicyName": {
                      "Fn::Join": [
                        "-",
                        [
                          "poll-backend",
                          "prod",
                          "lambda"
                        ]
                      ]
                    },
                    "PolicyDocument": {
                      "Version": "2012-10-17",
                      "Statement": [
                        {
                          "Effect": "Allow",
                          "Action": [
                            "logs:CreateLogStream",
                            "logs:CreateLogGroup",
                            "logs:TagResource"
                          ],
                          "Resource": [
                            {
                              "Fn::Sub": "arn:${AWS::Partition}:logs:${AWS::Region}:${AWS::AccountId}:log-group:/aws/lambda/poll-backend-prod*:*"
                            }
                          ]
                        },
                        {
                          "Effect": "Allow",
                          "Action": [
                            "logs:PutLogEvents"
                          ],
                          "Resource": [
                            {
                              "Fn::Sub": "arn:${AWS::Partition}:logs:${AWS::Region}:${AWS::AccountId}:log-group:/aws/lambda/poll-backend-prod*:*:*"
                            }
                          ]
                        }
                      ]
                    }
                  }
                ],
                "Path": "/",
                "RoleName": {
                  "Fn::Join": [
                    "-",
                    [
                      "poll-backend",
                      "prod",
                      {
                        "Ref": "AWS::Region"
                      },
                      "lambdaRole"
                    ]
                  ]
                }
              }
            },
            "ApiLambdaFunction": {
              "Type": "AWS::Lambda::Function",
              "Properties": {
                "Code": {
                  "S3Bucket": "serverless-framework-deployments-ap-south-1-cf2b9833-a6f1",
                  "S3Key": "serverless/poll-backend/prod/1762409331057-2025-11-06T06:08:51.057Z/poll-backend.zip"
                },
                "Handler": "handler.handler",
                "Runtime": "nodejs18.x",
                "FunctionName": "poll-backend-prod-api",
                "MemorySize": 512,
                "Timeout": 30,
                "Environment": {
                  "Variables": {
                    "MONGODB_URI": "mongodb+srv://bhavi5002:bhavi123@cluster0.ht8z4ij.mongodb.net/pollingdb?retryWrites=true&w=majority",
                    "JWT_SECRET": "<REDACTED>"
                  }
                },
                "Role": {
                  "Fn::GetAtt": [
                    "IamRoleLambdaExecution",
                    "Arn"
                  ]
                }
              },
              "DependsOn": [
                "ApiLogGroup"
              ]
            },
            "ApiLambdaVersionl6IfSYcrCj9baA7KxGZGQOmptCM0406MgR8P2zowhg": {
              "Type": "AWS::Lambda::Version",
              "DeletionPolicy": "Retain",
              "Properties": {
                "FunctionName": {
                  "Ref": "ApiLambdaFunction"
                },
                "CodeSha256": "pV6EAAONHJ+ZAmOfwaeQ0N5hiJyQS/tIYeVkXdKfjJ4="
              }
            },
            "ApiGatewayRestApi": {
              "Type": "AWS::ApiGateway::RestApi",
              "Properties": {
                "Name": "prod-poll-backend",
                "EndpointConfiguration": {
                  "Types": [
                    "EDGE"
                  ]
                },
                "Policy": ""
              }
            },
            "ApiGatewayResourceProxyVar": {
              "Type": "AWS::ApiGateway::Resource",
              "Properties": {
                "ParentId": {
                  "Fn::GetAtt": [
                    "ApiGatewayRestApi",
                    "RootResourceId"
                  ]
                },
                "PathPart": "{proxy+}",
                "RestApiId": {
                  "Ref": "ApiGatewayRestApi"
                }
              }
            },
            "ApiGatewayMethodProxyVarOptions": {
              "Type": "AWS::ApiGateway::Method",
              "Properties": {
                "AuthorizationType": "NONE",
                "HttpMethod": "OPTIONS",
                "MethodResponses": [
                  {
                    "StatusCode": "200",
                    "ResponseParameters": {
                      "method.response.header.Access-Control-Allow-Origin": true,
                      "method.response.header.Access-Control-Allow-Headers": true,
                      "method.response.header.Access-Control-Allow-Methods": true
                    },
                    "ResponseModels": {}
                  }
                ],
                "RequestParameters": {},
                "Integration": {
                  "Type": "MOCK",
                  "RequestTemplates": {
                    "application/json": "{statusCode:200}"
                  },
                  "ContentHandling": "CONVERT_TO_TEXT",
                  "IntegrationResponses": [
                    {
                      "StatusCode": "200",
                      "ResponseParameters": {
                        "method.response.header.Access-Control-Allow-Origin": "'*'",
                        "method.response.header.Access-Control-Allow-Headers": "'Content-Type,X-Amz-Date,Authorization,X-Api-Key,X-Amz-Security-Token,X-Amz-User-Agent,X-Amzn-Trace-Id'",
                        "method.response.header.Access-Control-Allow-Methods": "'OPTIONS,DELETE,GET,HEAD,PATCH,POST,PUT'"
                      },
                      "ResponseTemplates": {
                        "application/json": ""
                      }
                    }
                  ]
                },
                "ResourceId": {
                  "Ref": "ApiGatewayResourceProxyVar"
                },
                "RestApiId": {
                  "Ref": "ApiGatewayRestApi"
                }
              }
            },
            "ApiGatewayMethodOptions": {
              "Type": "AWS::ApiGateway::Method",
              "Properties": {
                "AuthorizationType": "NONE",
                "HttpMethod": "OPTIONS",
                "MethodResponses": [
                  {
                    "StatusCode": "200",
                    "ResponseParameters": {
                      "method.response.header.Access-Control-Allow-Origin": true,
                      "method.response.header.Access-Control-Allow-Headers": true,
                      "method.response.header.Access-Control-Allow-Methods": true
                    },
                    "ResponseModels": {}
                  }
                ],
                "RequestParameters": {},
                "Integration": {
                  "Type": "MOCK",
                  "RequestTemplates": {
                    "application/json": "{statusCode:200}"
                  },
                  "ContentHandling": "CONVERT_TO_TEXT",
                  "IntegrationResponses": [
                    {
                      "StatusCode": "200",
                      "ResponseParameters": {
                        "method.response.header.Access-Control-Allow-Origin": "'*'",
                        "method.response.header.Access-Control-Allow-Headers": "'Content-Type,X-Amz-Date,Authorization,X-Api-Key,X-Amz-Security-Token,X-Amz-User-Agent,X-Amzn-Trace-Id'",
                        "method.response.header.Access-Control-Allow-Methods": "'OPTIONS,DELETE,GET,HEAD,PATCH,POST,PUT'"
                      },
                      "ResponseTemplates": {
                        "application/json": ""
                      }
                    }
                  ]
                },
                "ResourceId": {
                  "Fn::GetAtt": [
                    "ApiGatewayRestApi",
                    "RootResourceId"
                  ]
                },
                "RestApiId": {
                  "Ref": "ApiGatewayRestApi"
                }
              }
            },
            "ApiGatewayMethodProxyVarAny": {
              "Type": "AWS::ApiGateway::Method",
              "Properties": {
                "HttpMethod": "ANY",
                "RequestParameters": {},
                "ResourceId": {
                  "Ref": "ApiGatewayResourceProxyVar"
                },
                "RestApiId": {
                  "Ref": "ApiGatewayRestApi"
                },
                "ApiKeyRequired": "<REDACTED>",
                "AuthorizationType": "NONE",
                "Integration": {
                  "IntegrationHttpMethod": "POST",
                  "Type": "AWS_PROXY",
                  "Uri": {
                    "Fn::Join": [
                      "",
                      [
                        "arn:",
                        {
                          "Ref": "AWS::Partition"
                        },
                        ":apigateway:",
                        {
                          "Ref": "AWS::Region"
                        },
                        ":lambda:path/2015-03-31/functions/",
                        {
                          "Fn::GetAtt": [
                            "ApiLambdaFunction",
                            "Arn"
                          ]
                        },
                        "/invocations"
                      ]
                    ]
                  }
                },
                "MethodResponses": []
              },
              "DependsOn": [
                "ApiLambdaPermissionApiGateway"
              ]
            },
            "ApiGatewayMethodAny": {
              "Type": "AWS::ApiGateway::Method",
              "Properties": {
                "HttpMethod": "ANY",
                "RequestParameters": {},
                "ResourceId": {
                  "Fn::GetAtt": [
                    "ApiGatewayRestApi",
                    "RootResourceId"
                  ]
                },
                "RestApiId": {
                  "Ref": "ApiGatewayRestApi"
                },
                "ApiKeyRequired": "<REDACTED>",
                "AuthorizationType": "NONE",
                "Integration": {
                  "IntegrationHttpMethod": "POST",
                  "Type": "AWS_PROXY",
                  "Uri": {
                    "Fn::Join": [
                      "",
                      [
                        "arn:",
                        {
                          "Ref": "AWS::Partition"
                        },
                        ":apigateway:",
                        {
                          "Ref": "AWS::Region"
                        },
                        ":lambda:path/2015-03-31/functions/",
                        {
                          "Fn::GetAtt": [
                            "ApiLambdaFunction",
                            "Arn"
                          ]
                        },
                        "/invocations"
                      ]
                    ]
                  }
                },
                "MethodResponses": []
              },
              "DependsOn": [
                "ApiLambdaPermissionApiGateway"
              ]
            },
            "ApiGatewayDeployment1762409323169": {
              "Type": "AWS::ApiGateway::Deployment",
              "Properties": {
                "RestApiId": {
                  "Ref": "ApiGatewayRestApi"
                },
                "StageName": "prod"
              },
              "DependsOn": [
                "ApiGatewayMethodProxyVarOptions",
                "ApiGatewayMethodOptions",
                "ApiGatewayMethodProxyVarAny",
                "ApiGatewayMethodAny"
              ]
            },
            "ApiLambdaPermissionApiGateway": {
              "Type": "AWS::Lambda::Permission",
              "Properties": {
                "FunctionName": {
                  "Fn::GetAtt": [
                    "ApiLambdaFunction",
                    "Arn"
                  ]
                },
                "Action": "lambda:InvokeFunction",
                "Principal": "apigateway.amazonaws.com",
                "SourceArn": {
                  "Fn::Join": [
                    "",
                    [
                      "arn:",
                      {
                        "Ref": "AWS::Partition"
                      },
                      ":execute-api:",
                      {
                        "Ref": "AWS::Region"
                      },
                      ":",
                      {
                        "Ref": "AWS::AccountId"
                      },
                      ":",
                      {
                        "Ref": "ApiGatewayRestApi"
                      },
                      "/*/*"
                    ]
                  ]
                }
              }
            }
          },
          "Outputs": {
            "ServerlessDeploymentBucketName": {
              "Value": "serverless-framework-deployments-ap-south-1-cf2b9833-a6f1",
              "Export": {
                "Name": "sls-poll-backend-prod-ServerlessDeploymentBucketName"
              }
            },
            "ApiLambdaFunctionQualifiedArn": {
              "Description": "Current Lambda function version",
              "Value": {
                "Ref": "ApiLambdaVersionl6IfSYcrCj9baA7KxGZGQOmptCM0406MgR8P2zowhg"
              },
              "Export": {
                "Name": "sls-poll-backend-prod-ApiLambdaFunctionQualifiedArn"
              }
            },
            "ServiceEndpoint": {
              "Description": "URL of the service endpoint",
              "Value": {
                "Fn::Join": [
                  "",
                  [
                    "https://",
                    {
                      "Ref": "ApiGatewayRestApi"
                    },
                    ".execute-api.",
                    {
                      "Ref": "AWS::Region"
                    },
                    ".",
                    {
                      "Ref": "AWS::URLSuffix"
                    },
                    "/prod"
                  ]
                ]
              },
              "Export": {
                "Name": "sls-poll-backend-prod-ServiceEndpoint"
              }
            }
          }
        },
        "vpc": {}
      },
      "functions": {
        "api": {
          "handler": "handler.handler",
          "events": [
            {
              "http": {
                "path": "{proxy+}",
                "method": "any",
                "cors": {
                  "origin": "*",
                  "methods": [
                    "OPTIONS",
                    "ANY"
                  ],
                  "headers": [
                    "Content-Type",
                    "X-Amz-Date",
                    "Authorization",
                    "X-Api-Key",
                    "X-Amz-Security-Token",
                    "X-Amz-User-Agent",
                    "X-Amzn-Trace-Id"
                  ],
                  "allowCredentials": "<REDACTED>"
                },
                "integration": "AWS_PROXY"
              }
            },
            {
              "http": {
                "path": "",
                "method": "any",
                "cors": {
                  "origin": "*",
                  "methods": [
                    "OPTIONS",
                    "ANY"
                  ],
                  "headers": [
                    "Content-Type",
                    "X-Amz-Date",
                    "Authorization",
                    "X-Api-Key",
                    "X-Amz-Security-Token",
                    "X-Amz-User-Agent",
                    "X-Amzn-Trace-Id"
                  ],
                  "allowCredentials": "<REDACTED>"
                },
                "integration": "AWS_PROXY"
              }
            }
          ],
          "name": "poll-backend-prod-api",
          "package": {},
          "memory": 512,
          "timeout": 30,
          "runtime": "nodejs18.x",
          "vpc": {},
          "versionLogicalId": "ApiLambdaVersionl6IfSYcrCj9baA7KxGZGQOmptCM0406MgR8P2zowhg"
        }
      },
      "plugins": [
        "serverless-offline"
      ]
    },
    "provider": {
      "name": "aws",
      "runtime": "nodejs18.x",
      "region": "ap-south-1",
      "stage": "prod",
      "environment": {
        "MONGODB_URI": "mongodb+srv://bhavi5002:bhavi123@cluster0.ht8z4ij.mongodb.net/pollingdb?retryWrites=true&w=majority",
        "JWT_SECRET": "<REDACTED>"
      },
      "timeout": 30,
      "memorySize": 512,
      "versionFunctions": true,
      "compiledCloudFormationTemplate": {
        "AWSTemplateFormatVersion": "2010-09-09",
        "Description": "The AWS CloudFormation template for this Serverless application",
        "Resources": {
          "ApiLogGroup": {
            "Type": "AWS::Logs::LogGroup",
            "Properties": {
              "LogGroupName": "/aws/lambda/poll-backend-prod-api"
            }
          },
          "IamRoleLambdaExecution": {
            "Type": "AWS::IAM::Role",
            "Properties": {
              "AssumeRolePolicyDocument": {
                "Version": "2012-10-17",
                "Statement": [
                  {
                    "Effect": "Allow",
                    "Principal": {
                      "Service": [
                        "lambda.amazonaws.com"
                      ]
                    },
                    "Action": [
                      "sts:AssumeRole"
                    ]
                  }
                ]
              },
              "Policies": [
                {
                  "PolicyName": {
                    "Fn::Join": [
                      "-",
                      [
                        "poll-backend",
                        "prod",
                        "lambda"
                      ]
                    ]
                  },
                  "PolicyDocument": {
                    "Version": "2012-10-17",
                    "Statement": [
                      {
                        "Effect": "Allow",
                        "Action": [
                          "logs:CreateLogStream",
                          "logs:CreateLogGroup",
                          "logs:TagResource"
                        ],
                        "Resource": [
                          {
                            "Fn::Sub": "arn:${AWS::Partition}:logs:${AWS::Region}:${AWS::AccountId}:log-group:/aws/lambda/poll-backend-prod*:*"
                          }
                        ]
                      },
                      {
                        "Effect": "Allow",
                        "Action": [
                          "logs:PutLogEvents"
                        ],
                        "Resource": [
                          {
                            "Fn::Sub": "arn:${AWS::Partition}:logs:${AWS::Region}:${AWS::AccountId}:log-group:/aws/lambda/poll-backend-prod*:*:*"
                          }
                        ]
                      }
                    ]
                  }
                }
              ],
              "Path": "/",
              "RoleName": {
                "Fn::Join": [
                  "-",
                  [
                    "poll-backend",
                    "prod",
                    {
                      "Ref": "AWS::Region"
                    },
                    "lambdaRole"
                  ]
                ]
              }
            }
          },
          "ApiLambdaFunction": {
            "Type": "AWS::Lambda::Function",
            "Properties": {
              "Code": {
                "S3Bucket": "serverless-framework-deployments-ap-south-1-cf2b9833-a6f1",
                "S3Key": "serverless/poll-backend/prod/1762409331057-2025-11-06T06:08:51.057Z/poll-backend.zip"
              },
              "Handler": "handler.handler",
              "Runtime": "nodejs18.x",
              "FunctionName": "poll-backend-prod-api",
              "MemorySize": 512,
              "Timeout": 30,
              "Environment": {
                "Variables": {
                  "MONGODB_URI": "mongodb+srv://bhavi5002:bhavi123@cluster0.ht8z4ij.mongodb.net/pollingdb?retryWrites=true&w=majority",
                  "JWT_SECRET": "<REDACTED>"
                }
              },
              "Role": {
                "Fn::GetAtt": [
                  "IamRoleLambdaExecution",
                  "Arn"
                ]
              }
            },
            "DependsOn": [
              "ApiLogGroup"
            ]
          },
          "ApiLambdaVersionl6IfSYcrCj9baA7KxGZGQOmptCM0406MgR8P2zowhg": {
            "Type": "AWS::Lambda::Version",
            "DeletionPolicy": "Retain",
            "Properties": {
              "FunctionName": {
                "Ref": "ApiLambdaFunction"
              },
              "CodeSha256": "pV6EAAONHJ+ZAmOfwaeQ0N5hiJyQS/tIYeVkXdKfjJ4="
            }
          },
          "ApiGatewayRestApi": {
            "Type": "AWS::ApiGateway::RestApi",
            "Properties": {
              "Name": "prod-poll-backend",
              "EndpointConfiguration": {
                "Types": [
                  "EDGE"
                ]
              },
              "Policy": ""
            }
          },
          "ApiGatewayResourceProxyVar": {
            "Type": "AWS::ApiGateway::Resource",
            "Properties": {
              "ParentId": {
                "Fn::GetAtt": [
                  "ApiGatewayRestApi",
                  "RootResourceId"
                ]
              },
              "PathPart": "{proxy+}",
              "RestApiId": {
                "Ref": "ApiGatewayRestApi"
              }
            }
          },
          "ApiGatewayMethodProxyVarOptions": {
            "Type": "AWS::ApiGateway::Method",
            "Properties": {
              "AuthorizationType": "NONE",
              "HttpMethod": "OPTIONS",
              "MethodResponses": [
                {
                  "StatusCode": "200",
                  "ResponseParameters": {
                    "method.response.header.Access-Control-Allow-Origin": true,
                    "method.response.header.Access-Control-Allow-Headers": true,
                    "method.response.header.Access-Control-Allow-Methods": true
                  },
                  "ResponseModels": {}
                }
              ],
              "RequestParameters": {},
              "Integration": {
                "Type": "MOCK",
                "RequestTemplates": {
                  "application/json": "{statusCode:200}"
                },
                "ContentHandling": "CONVERT_TO_TEXT",
                "IntegrationResponses": [
                  {
                    "StatusCode": "200",
                    "ResponseParameters": {
                      "method.response.header.Access-Control-Allow-Origin": "'*'",
                      "method.response.header.Access-Control-Allow-Headers": "'Content-Type,X-Amz-Date,Authorization,X-Api-Key,X-Amz-Security-Token,X-Amz-User-Agent,X-Amzn-Trace-Id'",
                      "method.response.header.Access-Control-Allow-Methods": "'OPTIONS,DELETE,GET,HEAD,PATCH,POST,PUT'"
                    },
                    "ResponseTemplates": {
                      "application/json": ""
                    }
                  }
                ]
              },
              "ResourceId": {
                "Ref": "ApiGatewayResourceProxyVar"
              },
              "RestApiId": {
                "Ref": "ApiGatewayRestApi"
              }
            }
          },
          "ApiGatewayMethodOptions": {
            "Type": "AWS::ApiGateway::Method",
            "Properties": {
              "AuthorizationType": "NONE",
              "HttpMethod": "OPTIONS",
              "MethodResponses": [
                {
                  "StatusCode": "200",
                  "ResponseParameters": {
                    "method.response.header.Access-Control-Allow-Origin": true,
                    "method.response.header.Access-Control-Allow-Headers": true,
                    "method.response.header.Access-Control-Allow-Methods": true
                  },
                  "ResponseModels": {}
                }
              ],
              "RequestParameters": {},
              "Integration": {
                "Type": "MOCK",
                "RequestTemplates": {
                  "application/json": "{statusCode:200}"
                },
                "ContentHandling": "CONVERT_TO_TEXT",
                "IntegrationResponses": [
                  {
                    "StatusCode": "200",
                    "ResponseParameters": {
                      "method.response.header.Access-Control-Allow-Origin": "'*'",
                      "method.response.header.Access-Control-Allow-Headers": "'Content-Type,X-Amz-Date,Authorization,X-Api-Key,X-Amz-Security-Token,X-Amz-User-Agent,X-Amzn-Trace-Id'",
                      "method.response.header.Access-Control-Allow-Methods": "'OPTIONS,DELETE,GET,HEAD,PATCH,POST,PUT'"
                    },
                    "ResponseTemplates": {
                      "application/json": ""
                    }
                  }
                ]
              },
              "ResourceId": {
                "Fn::GetAtt": [
                  "ApiGatewayRestApi",
                  "RootResourceId"
                ]
              },
              "RestApiId": {
                "Ref": "ApiGatewayRestApi"
              }
            }
          },
          "ApiGatewayMethodProxyVarAny": {
            "Type": "AWS::ApiGateway::Method",
            "Properties": {
              "HttpMethod": "ANY",
              "RequestParameters": {},
              "ResourceId": {
                "Ref": "ApiGatewayResourceProxyVar"
              },
              "RestApiId": {
                "Ref": "ApiGatewayRestApi"
              },
              "ApiKeyRequired": "<REDACTED>",
              "AuthorizationType": "NONE",
              "Integration": {
                "IntegrationHttpMethod": "POST",
                "Type": "AWS_PROXY",
                "Uri": {
                  "Fn::Join": [
                    "",
                    [
                      "arn:",
                      {
                        "Ref": "AWS::Partition"
                      },
                      ":apigateway:",
                      {
                        "Ref": "AWS::Region"
                      },
                      ":lambda:path/2015-03-31/functions/",
                      {
                        "Fn::GetAtt": [
                          "ApiLambdaFunction",
                          "Arn"
                        ]
                      },
                      "/invocations"
                    ]
                  ]
                }
              },
              "MethodResponses": []
            },
            "DependsOn": [
              "ApiLambdaPermissionApiGateway"
            ]
          },
          "ApiGatewayMethodAny": {
            "Type": "AWS::ApiGateway::Method",
            "Properties": {
              "HttpMethod": "ANY",
              "RequestParameters": {},
              "ResourceId": {
                "Fn::GetAtt": [
                  "ApiGatewayRestApi",
                  "RootResourceId"
                ]
              },
              "RestApiId": {
                "Ref": "ApiGatewayRestApi"
              },
              "ApiKeyRequired": "<REDACTED>",
              "AuthorizationType": "NONE",
              "Integration": {
                "IntegrationHttpMethod": "POST",
                "Type": "AWS_PROXY",
                "Uri": {
                  "Fn::Join": [
                    "",
                    [
                      "arn:",
                      {
                        "Ref": "AWS::Partition"
                      },
                      ":apigateway:",
                      {
                        "Ref": "AWS::Region"
                      },
                      ":lambda:path/2015-03-31/functions/",
                      {
                        "Fn::GetAtt": [
                          "ApiLambdaFunction",
                          "Arn"
                        ]
                      },
                      "/invocations"
                    ]
                  ]
                }
              },
              "MethodResponses": []
            },
            "DependsOn": [
              "ApiLambdaPermissionApiGateway"
            ]
          },
          "ApiGatewayDeployment1762409323169": {
            "Type": "AWS::ApiGateway::Deployment",
            "Properties": {
              "RestApiId": {
                "Ref": "ApiGatewayRestApi"
              },
              "StageName": "prod"
            },
            "DependsOn": [
              "ApiGatewayMethodProxyVarOptions",
              "ApiGatewayMethodOptions",
              "ApiGatewayMethodProxyVarAny",
              "ApiGatewayMethodAny"
            ]
          },
          "ApiLambdaPermissionApiGateway": {
            "Type": "AWS::Lambda::Permission",
            "Properties": {
              "FunctionName": {
                "Fn::GetAtt": [
                  "ApiLambdaFunction",
                  "Arn"
                ]
              },
              "Action": "lambda:InvokeFunction",
              "Principal": "apigateway.amazonaws.com",
              "SourceArn": {
                "Fn::Join": [
                  "",
                  [
                    "arn:",
                    {
                      "Ref": "AWS::Partition"
                    },
                    ":execute-api:",
                    {
                      "Ref": "AWS::Region"
                    },
                    ":",
                    {
                      "Ref": "AWS::AccountId"
                    },
                    ":",
                    {
                      "Ref": "ApiGatewayRestApi"
                    },
                    "/*/*"
                  ]
                ]
              }
            }
          }
        },
        "Outputs": {
          "ServerlessDeploymentBucketName": {
            "Value": "serverless-framework-deployments-ap-south-1-cf2b9833-a6f1",
            "Export": {
              "Name": "sls-poll-backend-prod-ServerlessDeploymentBucketName"
            }
          },
          "ApiLambdaFunctionQualifiedArn": {
            "Description": "Current Lambda function version",
            "Value": {
              "Ref": "ApiLambdaVersionl6IfSYcrCj9baA7KxGZGQOmptCM0406MgR8P2zowhg"
            },
            "Export": {
              "Name": "sls-poll-backend-prod-ApiLambdaFunctionQualifiedArn"
            }
          },
          "ServiceEndpoint": {
            "Description": "URL of the service endpoint",
            "Value": {
              "Fn::Join": [
                "",
                [
                  "https://",
                  {
                    "Ref": "ApiGatewayRestApi"
                  },
                  ".execute-api.",
                  {
                    "Ref": "AWS::Region"
                  },
                  ".",
                  {
                    "Ref": "AWS::URLSuffix"
                  },
                  "/prod"
                ]
              ]
            },
            "Export": {
              "Name": "sls-poll-backend-prod-ServiceEndpoint"
            }
          }
        }
      },
      "vpc": {}
    },
    "dashboard": {
      "isEnabledForService": false,
      "requiredAuthentication": false,
      "orgFeaturesInUse": null,
      "orgObservabilityIntegrations": null,
      "serviceAppId": null,
      "serviceProvider": null,
      "instanceParameters": null
    },
    "serviceRawFile": "service: poll-backend\r\n\r\nprovider:\r\n  name: aws\r\n  runtime: nodejs18.x\r\n  region: ap-south-1\r\n  stage: prod\r\n  environment:\r\n    MONGODB_URI: ${env:MONGODB_URI}\r\n    JWT_SECRET: ${env:JWT_SECRET}\r\n  timeout: 30\r\n  memorySize: 512\r\n\r\nfunctions:\r\n  api:\r\n    handler: handler.handler\r\n    events:\r\n      - http:\r\n          path: /{proxy+}\r\n          method: ANY\r\n          cors: true\r\n      - http:\r\n          path: /\r\n          method: ANY\r\n          cors: true\r\n\r\nplugins:\r\n  - serverless-offline",
    "command": [
      "deploy"
    ],
    "options": {},
    "orgId": "de7dde2b-e894-49af-ab7a-d32b78320ba2",
    "orgName": "12iiits",
    "userId": "41nbFJ1N4VG5g6R1vr",
    "userName": "12iiits",
    "serviceProviderAwsAccountId": "235150886668",
    "serviceProviderAwsCfStackName": "poll-backend-prod",
    "serviceProviderAwsCfStackId": "arn:aws:cloudformation:ap-south-1:235150886668:stack/poll-backend-prod/443a0910-ba66-11f0-bfc8-02cc42eca131",
    "serviceProviderAwsCfStackCreated": "2025-11-05T16:41:24.952Z",
    "serviceProviderAwsCfStackUpdated": "2025-11-06T06:04:31.815Z",
    "serviceProviderAwsCfStackStatus": "UPDATE_COMPLETE",
    "serviceProviderAwsCfStackOutputs": [
      {
        "OutputKey": "ApiLambdaFunctionQualifiedArn",
        "OutputValue": "arn:aws:lambda:ap-south-1:235150886668:function:poll-backend-prod-api:9",
        "Description": "Current Lambda function version",
        "ExportName": "sls-poll-backend-prod-ApiLambdaFunctionQualifiedArn"
      },
      {
        "OutputKey": "ServiceEndpoint",
        "OutputValue": "https://e5uky98qyk.execute-api.ap-south-1.amazonaws.com/prod",
        "Description": "URL of the service endpoint",
        "ExportName": "sls-poll-backend-prod-ServiceEndpoint"
      },
      {
        "OutputKey": "ServerlessDeploymentBucketName",
        "OutputValue": "serverless-framework-deployments-ap-south-1-cf2b9833-a6f1",
        "ExportName": "sls-poll-backend-prod-ServerlessDeploymentBucketName"
      }
    ],
    "compiledCloudFormationTemplate": {
      "AWSTemplateFormatVersion": "2010-09-09",
      "Description": "The AWS CloudFormation template for this Serverless application",
      "Resources": {
        "ApiLogGroup": {
          "Type": "AWS::Logs::LogGroup",
          "Properties": {
            "LogGroupName": "/aws/lambda/poll-backend-prod-api"
          }
        },
        "IamRoleLambdaExecution": {
          "Type": "AWS::IAM::Role",
          "Properties": {
            "AssumeRolePolicyDocument": {
              "Version": "2012-10-17",
              "Statement": [
                {
                  "Effect": "Allow",
                  "Principal": {
                    "Service": [
                      "lambda.amazonaws.com"
                    ]
                  },
                  "Action": [
                    "sts:AssumeRole"
                  ]
                }
              ]
            },
            "Policies": [
              {
                "PolicyName": {
                  "Fn::Join": [
                    "-",
                    [
                      "poll-backend",
                      "prod",
                      "lambda"
                    ]
                  ]
                },
                "PolicyDocument": {
                  "Version": "2012-10-17",
                  "Statement": [
                    {
                      "Effect": "Allow",
                      "Action": [
                        "logs:CreateLogStream",
                        "logs:CreateLogGroup",
                        "logs:TagResource"
                      ],
                      "Resource": [
                        {
                          "Fn::Sub": "arn:${AWS::Partition}:logs:${AWS::Region}:${AWS::AccountId}:log-group:/aws/lambda/poll-backend-prod*:*"
                        }
                      ]
                    },
                    {
                      "Effect": "Allow",
                      "Action": [
                        "logs:PutLogEvents"
                      ],
                      "Resource": [
                        {
                          "Fn::Sub": "arn:${AWS::Partition}:logs:${AWS::Region}:${AWS::AccountId}:log-group:/aws/lambda/poll-backend-prod*:*:*"
                        }
                      ]
                    }
                  ]
                }
              }
            ],
            "Path": "/",
            "RoleName": {
              "Fn::Join": [
                "-",
                [
                  "poll-backend",
                  "prod",
                  {
                    "Ref": "AWS::Region"
                  },
                  "lambdaRole"
                ]
              ]
            }
          }
        },
        "ApiLambdaFunction": {
          "Type": "AWS::Lambda::Function",
          "Properties": {
            "Code": {
              "S3Bucket": "serverless-framework-deployments-ap-south-1-cf2b9833-a6f1",
              "S3Key": "serverless/poll-backend/prod/1762409331057-2025-11-06T06:08:51.057Z/poll-backend.zip"
            },
            "Handler": "handler.handler",
            "Runtime": "nodejs18.x",
            "FunctionName": "poll-backend-prod-api",
            "MemorySize": 512,
            "Timeout": 30,
            "Environment": {
              "Variables": {
                "MONGODB_URI": "mongodb+srv://bhavi5002:bhavi123@cluster0.ht8z4ij.mongodb.net/pollingdb?retryWrites=true&w=majority",
                "JWT_SECRET": "<REDACTED>"
              }
            },
            "Role": {
              "Fn::GetAtt": [
                "IamRoleLambdaExecution",
                "Arn"
              ]
            }
          },
          "DependsOn": [
            "ApiLogGroup"
          ]
        },
        "ApiLambdaVersionl6IfSYcrCj9baA7KxGZGQOmptCM0406MgR8P2zowhg": {
          "Type": "AWS::Lambda::Version",
          "DeletionPolicy": "Retain",
          "Properties": {
            "FunctionName": {
              "Ref": "ApiLambdaFunction"
            },
            "CodeSha256": "pV6EAAONHJ+ZAmOfwaeQ0N5hiJyQS/tIYeVkXdKfjJ4="
          }
        },
        "ApiGatewayRestApi": {
          "Type": "AWS::ApiGateway::RestApi",
          "Properties": {
            "Name": "prod-poll-backend",
            "EndpointConfiguration": {
              "Types": [
                "EDGE"
              ]
            },
            "Policy": ""
          }
        },
        "ApiGatewayResourceProxyVar": {
          "Type": "AWS::ApiGateway::Resource",
          "Properties": {
            "ParentId": {
              "Fn::GetAtt": [
                "ApiGatewayRestApi",
                "RootResourceId"
              ]
            },
            "PathPart": "{proxy+}",
            "RestApiId": {
              "Ref": "ApiGatewayRestApi"
            }
          }
        },
        "ApiGatewayMethodProxyVarOptions": {
          "Type": "AWS::ApiGateway::Method",
          "Properties": {
            "AuthorizationType": "NONE",
            "HttpMethod": "OPTIONS",
            "MethodResponses": [
              {
                "StatusCode": "200",
                "ResponseParameters": {
                  "method.response.header.Access-Control-Allow-Origin": true,
                  "method.response.header.Access-Control-Allow-Headers": true,
                  "method.response.header.Access-Control-Allow-Methods": true
                },
                "ResponseModels": {}
              }
            ],
            "RequestParameters": {},
            "Integration": {
              "Type": "MOCK",
              "RequestTemplates": {
                "application/json": "{statusCode:200}"
              },
              "ContentHandling": "CONVERT_TO_TEXT",
              "IntegrationResponses": [
                {
                  "StatusCode": "200",
                  "ResponseParameters": {
                    "method.response.header.Access-Control-Allow-Origin": "'*'",
                    "method.response.header.Access-Control-Allow-Headers": "'Content-Type,X-Amz-Date,Authorization,X-Api-Key,X-Amz-Security-Token,X-Amz-User-Agent,X-Amzn-Trace-Id'",
                    "method.response.header.Access-Control-Allow-Methods": "'OPTIONS,DELETE,GET,HEAD,PATCH,POST,PUT'"
                  },
                  "ResponseTemplates": {
                    "application/json": ""
                  }
                }
              ]
            },
            "ResourceId": {
              "Ref": "ApiGatewayResourceProxyVar"
            },
            "RestApiId": {
              "Ref": "ApiGatewayRestApi"
            }
          }
        },
        "ApiGatewayMethodOptions": {
          "Type": "AWS::ApiGateway::Method",
          "Properties": {
            "AuthorizationType": "NONE",
            "HttpMethod": "OPTIONS",
            "MethodResponses": [
              {
                "StatusCode": "200",
                "ResponseParameters": {
                  "method.response.header.Access-Control-Allow-Origin": true,
                  "method.response.header.Access-Control-Allow-Headers": true,
                  "method.response.header.Access-Control-Allow-Methods": true
                },
                "ResponseModels": {}
              }
            ],
            "RequestParameters": {},
            "Integration": {
              "Type": "MOCK",
              "RequestTemplates": {
                "application/json": "{statusCode:200}"
              },
              "ContentHandling": "CONVERT_TO_TEXT",
              "IntegrationResponses": [
                {
                  "StatusCode": "200",
                  "ResponseParameters": {
                    "method.response.header.Access-Control-Allow-Origin": "'*'",
                    "method.response.header.Access-Control-Allow-Headers": "'Content-Type,X-Amz-Date,Authorization,X-Api-Key,X-Amz-Security-Token,X-Amz-User-Agent,X-Amzn-Trace-Id'",
                    "method.response.header.Access-Control-Allow-Methods": "'OPTIONS,DELETE,GET,HEAD,PATCH,POST,PUT'"
                  },
                  "ResponseTemplates": {
                    "application/json": ""
                  }
                }
              ]
            },
            "ResourceId": {
              "Fn::GetAtt": [
                "ApiGatewayRestApi",
                "RootResourceId"
              ]
            },
            "RestApiId": {
              "Ref": "ApiGatewayRestApi"
            }
          }
        },
        "ApiGatewayMethodProxyVarAny": {
          "Type": "AWS::ApiGateway::Method",
          "Properties": {
            "HttpMethod": "ANY",
            "RequestParameters": {},
            "ResourceId": {
              "Ref": "ApiGatewayResourceProxyVar"
            },
            "RestApiId": {
              "Ref": "ApiGatewayRestApi"
            },
            "ApiKeyRequired": "<REDACTED>",
            "AuthorizationType": "NONE",
            "Integration": {
              "IntegrationHttpMethod": "POST",
              "Type": "AWS_PROXY",
              "Uri": {
                "Fn::Join": [
                  "",
                  [
                    "arn:",
                    {
                      "Ref": "AWS::Partition"
                    },
                    ":apigateway:",
                    {
                      "Ref": "AWS::Region"
                    },
                    ":lambda:path/2015-03-31/functions/",
                    {
                      "Fn::GetAtt": [
                        "ApiLambdaFunction",
                        "Arn"
                      ]
                    },
                    "/invocations"
                  ]
                ]
              }
            },
            "MethodResponses": []
          },
          "DependsOn": [
            "ApiLambdaPermissionApiGateway"
          ]
        },
        "ApiGatewayMethodAny": {
          "Type": "AWS::ApiGateway::Method",
          "Properties": {
            "HttpMethod": "ANY",
            "RequestParameters": {},
            "ResourceId": {
              "Fn::GetAtt": [
                "ApiGatewayRestApi",
                "RootResourceId"
              ]
            },
            "RestApiId": {
              "Ref": "ApiGatewayRestApi"
            },
            "ApiKeyRequired": "<REDACTED>",
            "AuthorizationType": "NONE",
            "Integration": {
              "IntegrationHttpMethod": "POST",
              "Type": "AWS_PROXY",
              "Uri": {
                "Fn::Join": [
                  "",
                  [
                    "arn:",
                    {
                      "Ref": "AWS::Partition"
                    },
                    ":apigateway:",
                    {
                      "Ref": "AWS::Region"
                    },
                    ":lambda:path/2015-03-31/functions/",
                    {
                      "Fn::GetAtt": [
                        "ApiLambdaFunction",
                        "Arn"
                      ]
                    },
                    "/invocations"
                  ]
                ]
              }
            },
            "MethodResponses": []
          },
          "DependsOn": [
            "ApiLambdaPermissionApiGateway"
          ]
        },
        "ApiGatewayDeployment1762409323169": {
          "Type": "AWS::ApiGateway::Deployment",
          "Properties": {
            "RestApiId": {
              "Ref": "ApiGatewayRestApi"
            },
            "StageName": "prod"
          },
          "DependsOn": [
            "ApiGatewayMethodProxyVarOptions",
            "ApiGatewayMethodOptions",
            "ApiGatewayMethodProxyVarAny",
            "ApiGatewayMethodAny"
          ]
        },
        "ApiLambdaPermissionApiGateway": {
          "Type": "AWS::Lambda::Permission",
          "Properties": {
            "FunctionName": {
              "Fn::GetAtt": [
                "ApiLambdaFunction",
                "Arn"
              ]
            },
            "Action": "lambda:InvokeFunction",
            "Principal": "apigateway.amazonaws.com",
            "SourceArn": {
              "Fn::Join": [
                "",
                [
                  "arn:",
                  {
                    "Ref": "AWS::Partition"
                  },
                  ":execute-api:",
                  {
                    "Ref": "AWS::Region"
                  },
                  ":",
                  {
                    "Ref": "AWS::AccountId"
                  },
                  ":",
                  {
                    "Ref": "ApiGatewayRestApi"
                  },
                  "/*/*"
                ]
              ]
            }
          }
        }
      },
      "Outputs": {
        "ServerlessDeploymentBucketName": {
          "Value": "serverless-framework-deployments-ap-south-1-cf2b9833-a6f1",
          "Export": {
            "Name": "sls-poll-backend-prod-ServerlessDeploymentBucketName"
          }
        },
        "ApiLambdaFunctionQualifiedArn": {
          "Description": "Current Lambda function version",
          "Value": {
            "Ref": "ApiLambdaVersionl6IfSYcrCj9baA7KxGZGQOmptCM0406MgR8P2zowhg"
          },
          "Export": {
            "Name": "sls-poll-backend-prod-ApiLambdaFunctionQualifiedArn"
          }
        },
        "ServiceEndpoint": {
          "Description": "URL of the service endpoint",
          "Value": {
            "Fn::Join": [
              "",
              [
                "https://",
                {
                  "Ref": "ApiGatewayRestApi"
                },
                ".execute-api.",
                {
                  "Ref": "AWS::Region"
                },
                ".",
                {
                  "Ref": "AWS::URLSuffix"
                },
                "/prod"
              ]
            ]
          },
          "Export": {
            "Name": "sls-poll-backend-prod-ServiceEndpoint"
          }
        }
      }
    }
  }
}