{
  "version": "1",
  "cognitoConfig": {
    "resourceNameTruncated": "pollinf7f6c286",
    "userPoolName": "pollingappf7f6c286_userpool_f7f6c286",
    "autoVerifiedAttributes": [
      "email"
    ],
    "mfaConfiguration": "OFF",
    "mfaTypes": [
      "SMS Text Message"
    ],
    "smsAuthenticationMessage": "Your authentication code is {####}",
    "smsVerificationMessage": "Your verification code is {####}",
    "emailVerificationSubject": "Your verification code",
    "emailVerificationMessage": "Your verification code is {####}",
    "defaultPasswordPolicy": true,
    "passwordPolicyMinLength": 8,
    "passwordPolicyCharacters": [],
    "requiredAttributes": [
      "email"
    ],
    "aliasAttributes": [],
    "userpoolClientGenerateSecret": false,
    "userpoolClientRefreshTokenValidity": "30",
    "userpoolClientWriteAttributes": [
      "email"
    ],
    "userpoolClientReadAttributes": [
      "email"
    ],
    "userpoolClientLambdaRole": "pollinf7f6c286_userpoolclient_lambda_role",
    "userpoolClientSetAttributes": false,
    "sharedId": "f7f6c286",
    "resourceName": "pollingappf7f6c286",
    "authSelections": "userPoolOnly",
    "useDefault": "manual",
    "userPoolGroupList": [
      "Admins"
    ],
    "serviceName": "Cognito",
    "usernameCaseSensitive": false,
    "useEnabledMfas": true,
    "authRoleArn": {
      "Fn::GetAtt": [
        "AuthRole",
        "Arn"
      ]
    },
    "unauthRoleArn": {
      "Fn::GetAtt": [
        "UnauthRole",
        "Arn"
      ]
    },
    "breakCircularDependency": true,
    "dependsOn": [],
    "userPoolGroups": true,
    "adminQueries": true,
    "triggers": {},
    "hostedUI": true,
    "hostedUIDomainName": "pollingappef71066f-ef71066f",
    "authProvidersUserPool": [],
    "hostedUIProviderMeta": "[]",
    "oAuthMetadata": "{\"AllowedOAuthFlows\":[\"implicit\"],\"AllowedOAuthScopes\":[\"phone\",\"email\",\"openid\",\"profile\",\"aws.cognito.signin.user.admin\"],\"CallbackURLs\":[\"https://main.dxbdkx306r9tq.amplifyapp.com/\"],\"LogoutURLs\":[\"https://main.dxbdkx306r9tq.amplifyapp.com/\"]}",
    "adminQueryGroup": "Admins",
    "authProviders": [],
    "parentStack": {
      "Ref": "AWS::StackId"
    },
    "permissions": []
  }
}